GROUP,PACKAGE,CLASS,INSTRUCTION_MISSED,INSTRUCTION_COVERED,BRANCH_MISSED,BRANCH_COVERED,LINE_MISSED,LINE_COVERED,COMPLEXITY_MISSED,COMPLEXITY_COVERED,METHOD_MISSED,METHOD_COVERED
Phone Bill Web/REST Project,edu.pdx.cs410J.cox,TextDumper,66,0,4,0,18,0,5,0,3,0
Phone Bill Web/REST Project,edu.pdx.cs410J.cox,PhoneCall,543,0,66,0,150,0,51,0,18,0
Phone Bill Web/REST Project,edu.pdx.cs410J.cox,PhoneBillRestClient,77,116,1,1,11,19,3,7,2,7
Phone Bill Web/REST Project,edu.pdx.cs410J.cox,Project4,479,0,46,0,120,0,31,0,8,0
Phone Bill Web/REST Project,edu.pdx.cs410J.cox,PhoneBillServlet,153,0,10,0,49,0,14,0,9,0
Phone Bill Web/REST Project,edu.pdx.cs410J.cox,Project3,383,0,64,0,87,0,36,0,4,0
Phone Bill Web/REST Project,edu.pdx.cs410J.cox,TextParser,369,0,48,0,90,0,31,0,7,0
Phone Bill Web/REST Project,edu.pdx.cs410J.cox,PhoneBill,135,0,18,0,34,0,15,0,6,0
Phone Bill Web/REST Project,edu.pdx.cs410J.cox,PrettyPrinter,251,0,18,0,42,0,13,0,4,0
Phone Bill Web/REST Project,edu.pdx.cs410J.cox,Messages,139,40,8,2,26,9,13,3,8,3
Phone Bill Web/REST Project,edu.pdx.cs410J.cox,Messages.new Map.Entry() {...},31,0,2,0,7,0,5,0,4,0
Phone Bill Web/REST Project,edu.pdx.cs410J.cox,Messages.new Map.Entry() {...},12,17,1,1,3,4,3,2,2,2
Phone Bill Web/REST Project,edu.pdx.cs410J.cox,PhoneBillRestClient.PhoneBillRestException,8,0,0,0,3,0,1,0,1,0
